timestamp,tempo_resposta,status,taxa_erro,disponibilidade
2025-11-18 21:52:34.273197,0.55,500,5.37,96.22
2025-11-18 21:51:34.273224,1.66,200,3.78,92.86
2025-11-18 21:50:34.273231,2.54,500,9.22,98.31
2025-11-18 21:49:34.273236,2.49,200,1.63,95.63
2025-11-18 21:48:34.273240,0.85,500,4.23,91.96
2025-11-18 21:47:34.273244,1.34,200,0.82,97.99
2025-11-18 21:46:34.273247,1.34,200,5.15,96.91
2025-11-18 21:45:34.273250,1.92,500,5.13,97.08
2025-11-18 21:44:34.273253,2.13,500,4.51,92.03
2025-11-18 21:43:34.273256,0.87,200,9.73,99.97
2025-11-18 21:42:34.273259,2.59,200,8.76,94.77
2025-11-18 21:41:34.273262,1.15,200,7.08,97.94
2025-11-18 21:40:34.273265,1.59,200,7.87,99.78
2025-11-18 21:39:34.273268,2.58,500,1.87,90.93
2025-11-18 21:38:34.273271,2.14,200,5.55,99.85
2025-11-18 21:37:34.273273,1.22,200,2.35,99.11
2025-11-18 21:36:34.273276,1.09,500,0.13,99.07
2025-11-18 21:35:34.273278,1.78,200,8.34,99.77
2025-11-18 21:34:34.273282,2.39,200,7.93,96.54
2025-11-18 21:33:34.273285,0.31,200,6.66,97.7
2025-11-18 21:32:34.273289,0.64,500,4.44,97.71
2025-11-18 21:31:34.273292,1.72,200,4.33,91.94
2025-11-18 21:30:34.273295,0.89,200,4.64,96.41
2025-11-18 21:29:34.273298,0.36,200,0.76,99.8
2025-11-18 21:28:34.273300,2.63,200,8.2,98.25
2025-11-18 21:27:34.273303,0.8,200,7.73,90.55
2025-11-18 21:26:34.273306,2.57,200,0.66,93.02
2025-11-18 21:25:34.273309,1.74,200,4.17,95.58
2025-11-18 21:24:34.273313,2.63,200,8.13,91.96
2025-11-18 21:23:34.273317,2.86,200,7.42,90.28
2025-11-18 21:22:34.273322,1.27,500,7.14,94.9
2025-11-18 21:21:34.273328,2.23,500,4.6,98.47
2025-11-18 21:20:34.273333,2.09,500,8.15,99.47
2025-11-18 21:19:34.273339,2.95,200,1.97,97.15
2025-11-18 21:18:34.273344,1.73,500,7.85,93.96
2025-11-18 21:17:34.273349,1.28,200,9.37,92.41
2025-11-18 21:16:34.273354,1.25,500,0.5,98.16
2025-11-18 21:15:34.273359,0.77,200,5.01,98.72
2025-11-18 21:14:34.273362,2.43,200,9.4,91.49
2025-11-18 21:13:34.273364,1.64,500,7.24,90.6
2025-11-18 21:12:34.273367,0.18,200,8.52,91.03
2025-11-18 21:11:34.273369,0.72,200,1.83,94.66
2025-11-18 21:10:34.273372,2.22,200,4.76,94.83
2025-11-18 21:09:34.273374,0.97,200,9.18,94.48
2025-11-18 21:08:34.273377,1.53,200,5.93,98.96
2025-11-18 21:07:34.273380,0.61,200,5.97,93.21
2025-11-18 21:06:34.273383,0.35,200,0.73,99.8
2025-11-18 21:05:34.273386,1.54,200,0.92,96.43
2025-11-18 21:04:34.273389,2.69,500,8.03,91.23
2025-11-18 21:03:34.273392,2.02,200,6.73,93.99
2025-11-18 21:02:34.273395,1.94,200,1.96,91.53
2025-11-18 21:01:34.273398,1.02,200,0.12,96.25
2025-11-18 21:00:34.273401,2.8,200,4.04,99.55
2025-11-18 20:59:34.273404,0.83,200,8.31,94.07
2025-11-18 20:58:34.273409,2.2,500,1.16,92.33
2025-11-18 20:57:34.273414,0.14,500,1.36,99.5
2025-11-18 20:56:34.273420,2.59,200,2.07,97.32
2025-11-18 20:55:34.273427,1.69,200,9.17,97.25
2025-11-18 20:54:34.273433,1.36,200,1.29,93.99
2025-11-18 20:53:34.273439,1.39,500,6.29,98.03
2025-11-18 20:52:34.273443,0.58,500,2.43,100.0
2025-11-18 20:51:34.273446,0.4,200,1.16,91.25
2025-11-18 20:50:34.273449,0.74,500,3.06,91.27
2025-11-18 20:49:34.273451,1.13,200,7.15,91.01
2025-11-18 20:48:34.273454,1.49,500,2.79,99.14
2025-11-18 20:47:34.273457,0.44,200,8.81,98.82
2025-11-18 20:46:34.273459,0.89,500,3.91,93.69
2025-11-18 20:45:34.273462,2.27,200,7.72,97.95
2025-11-18 20:44:34.273465,2.51,200,0.36,90.86
2025-11-18 20:43:34.273468,0.35,500,5.53,96.94
2025-11-18 20:42:34.273471,0.86,200,3.96,92.56
2025-11-18 20:41:34.273474,1.3,200,5.52,92.06
2025-11-18 20:40:34.273477,1.46,200,9.68,95.34
2025-11-18 20:39:34.273480,1.51,200,2.84,98.58
2025-11-18 20:38:34.273483,0.24,500,8.38,95.03
2025-11-18 20:37:34.273486,2.1,200,8.7,94.86
2025-11-18 20:36:34.273489,2.87,500,2.28,97.47
2025-11-18 20:35:34.273493,2.92,200,0.62,97.4
2025-11-18 20:34:34.273496,2.01,200,5.12,99.9
2025-11-18 20:33:34.273500,1.39,200,1.84,99.02
2025-11-18 20:32:34.273504,1.55,500,9.09,94.7
2025-11-18 20:31:34.273510,2.09,200,0.22,96.39
2025-11-18 20:30:34.273515,0.25,500,6.12,93.8
2025-11-18 20:29:34.273521,1.96,500,6.52,99.48
2025-11-18 20:28:34.273525,2.24,200,7.57,90.68
2025-11-18 20:27:34.273528,1.78,200,6.21,93.48
2025-11-18 20:26:34.273531,0.41,200,0.71,99.76
2025-11-18 20:25:34.273533,0.8,500,9.67,97.02
2025-11-18 20:24:34.273536,2.9,200,2.72,90.03
2025-11-18 20:23:34.273539,1.14,200,5.53,94.95
2025-11-18 20:22:34.273541,0.22,200,3.79,99.28
2025-11-18 20:21:34.273544,2.11,200,5.46,90.99
2025-11-18 20:20:34.273546,1.95,200,6.81,90.42
2025-11-18 20:19:34.273549,0.55,200,4.99,91.75
2025-11-18 20:18:34.273552,1.91,200,7.5,95.64
2025-11-18 20:17:34.273554,2.87,500,0.83,95.96
2025-11-18 20:16:34.273557,1.19,500,4.8,91.52
2025-11-18 20:15:34.273560,2.07,200,7.26,98.23
2025-11-18 20:14:34.273563,0.88,200,6.43,93.94
2025-11-18 20:13:34.273565,2.77,500,0.06,93.75
2025-11-18 20:12:34.273568,0.79,500,3.03,99.01
2025-11-18 20:11:34.273571,0.92,200,0.06,91.33
2025-11-18 20:10:34.273573,2.17,200,5.99,96.31
2025-11-18 20:09:34.273576,1.48,200,3.06,92.37
2025-11-18 20:08:34.273578,0.82,500,2.64,91.57
2025-11-18 20:07:34.273581,1.59,200,7.63,92.08
2025-11-18 20:06:34.273584,1.4,200,9.62,93.75
2025-11-18 20:05:34.273586,1.93,200,7.45,98.64
2025-11-18 20:04:34.273589,0.84,200,6.14,91.36
2025-11-18 20:03:34.273592,0.47,200,9.29,90.16
2025-11-18 20:02:34.273594,0.83,200,1.28,95.48
2025-11-18 20:01:34.273597,2.48,500,3.27,91.98
2025-11-18 20:00:34.273599,2.83,200,0.09,95.87
2025-11-18 19:59:34.273602,2.51,200,8.04,99.59
2025-11-18 19:58:34.273604,1.34,200,3.49,98.18
2025-11-18 19:57:34.273607,1.23,200,4.46,99.03
2025-11-18 19:56:34.273609,2.28,200,2.48,96.29
2025-11-18 19:55:34.273611,2.2,500,3.38,95.82
2025-11-18 19:54:34.273614,1.33,200,4.81,99.83
2025-11-18 19:53:34.273616,0.52,200,2.69,98.07
2025-11-18 19:52:34.273619,2.86,200,1.46,94.33
2025-11-18 19:51:34.273621,1.41,200,8.09,94.28
2025-11-18 19:50:34.273624,2.51,200,0.94,94.97
2025-11-18 19:49:34.273626,1.63,500,0.4,90.49
2025-11-18 19:48:34.273629,1.15,500,9.28,95.13
2025-11-18 19:47:34.273631,2.98,500,4.28,98.02
2025-11-18 19:46:34.273634,1.54,200,3.13,98.35
2025-11-18 19:45:34.273636,2.41,200,0.56,98.96
2025-11-18 19:44:34.273639,0.44,200,2.15,95.43
2025-11-18 19:43:34.273641,2.86,200,5.84,91.94
2025-11-18 19:42:34.273644,2.06,200,4.58,93.25
2025-11-18 19:41:34.273646,2.91,500,5.88,92.38
2025-11-18 19:40:34.273649,2.94,200,2.55,93.11
2025-11-18 19:39:34.273651,1.66,200,7.48,92.86
2025-11-18 19:38:34.273654,1.06,200,1.78,93.2
2025-11-18 19:37:34.273656,1.62,200,5.08,93.73
2025-11-18 19:36:34.273659,1.38,500,3.42,98.52
2025-11-18 19:35:34.273662,1.81,200,2.18,93.48
2025-11-18 19:34:34.273664,2.72,200,9.21,93.38
2025-11-18 19:33:34.273667,0.22,200,6.39,91.0
2025-11-18 19:32:34.273670,0.12,500,1.3,98.98
2025-11-18 19:31:34.273672,2.11,200,7.35,95.65
2025-11-18 19:30:34.273675,2.82,200,9.92,93.89
2025-11-18 19:29:34.273682,1.94,200,0.99,92.52
2025-11-18 19:28:34.273684,0.81,200,8.5,99.41
2025-11-18 19:27:34.273687,1.9,200,7.09,92.49
2025-11-18 19:26:34.273689,0.14,200,7.19,93.04
2025-11-18 19:25:34.273692,0.5,200,8.2,97.71
2025-11-18 19:24:34.273694,2.61,200,3.57,98.79
2025-11-18 19:23:34.273697,2.49,200,2.38,90.67
2025-11-18 19:22:34.273700,2.66,200,8.77,95.23
2025-11-18 19:21:34.273702,2.42,200,7.34,94.4
2025-11-18 19:20:34.273705,1.37,500,6.02,90.81
2025-11-18 19:19:34.273707,0.74,200,8.23,97.33
2025-11-18 19:18:34.273710,1.82,200,0.95,95.45
2025-11-18 19:17:34.273712,2.37,200,0.69,96.6
2025-11-18 19:16:34.273714,2.44,200,7.29,95.95
2025-11-18 19:15:34.273717,2.41,500,8.73,98.84
2025-11-18 19:14:34.273720,2.53,200,5.34,99.86
2025-11-18 19:13:34.273722,2.52,200,7.97,93.35
2025-11-18 19:12:34.273725,2.14,200,0.09,96.08
2025-11-18 19:11:34.273728,0.23,500,2.07,91.81
2025-11-18 19:10:34.273731,0.9,200,5.48,95.57
2025-11-18 19:09:34.273733,0.3,500,5.69,96.28
2025-11-18 19:08:34.273736,1.34,200,4.82,91.84
2025-11-18 19:07:34.273738,1.56,500,1.34,99.55
2025-11-18 19:06:34.273741,0.64,200,3.37,91.79
2025-11-18 19:05:34.273743,0.38,200,7.49,96.9
2025-11-18 19:04:34.273746,1.94,200,7.56,99.55
2025-11-18 19:03:34.273749,2.95,200,1.18,96.58
2025-11-18 19:02:34.273751,1.88,200,3.91,95.88
2025-11-18 19:01:34.273754,1.91,200,5.29,90.52
2025-11-18 19:00:34.273756,0.44,200,5.63,90.29
2025-11-18 18:59:34.273759,1.21,200,5.08,96.53
2025-11-18 18:58:34.273762,0.49,500,2.25,99.47
2025-11-18 18:57:34.273764,2.12,200,4.34,92.71
2025-11-18 18:56:34.273767,1.41,200,6.05,98.33
2025-11-18 18:55:34.273769,2.49,200,6.67,92.02
2025-11-18 18:54:34.273771,2.79,200,1.54,98.74
2025-11-18 18:53:34.273774,1.98,200,0.25,99.55
2025-11-18 18:52:34.273776,1.87,200,6.35,93.31
2025-11-18 18:51:34.273779,0.99,200,7.12,95.44
2025-11-18 18:50:34.273781,1.5,200,0.94,97.25
2025-11-18 18:49:34.273783,2.33,200,8.21,97.78
2025-11-18 18:48:34.273786,0.91,200,1.08,91.17
2025-11-18 18:47:34.273788,1.4,200,1.23,92.24
2025-11-18 18:46:34.273791,1.56,200,1.4,94.71
2025-11-18 18:45:34.273794,0.88,200,0.23,96.22
2025-11-18 18:44:34.273796,1.02,200,7.3,92.33
2025-11-18 18:43:34.273799,2.93,500,5.25,92.56
2025-11-18 18:42:34.273801,0.94,500,2.73,99.87
2025-11-18 18:41:34.273804,1.89,200,6.82,90.81
2025-11-18 18:40:34.273806,1.64,200,4.6,96.02
2025-11-18 18:39:34.273809,2.39,500,8.88,91.01
2025-11-18 18:38:34.273811,1.93,200,0.23,90.33
2025-11-18 18:37:34.273814,2.54,500,0.25,95.63
2025-11-18 18:36:34.273816,1.77,200,5.89,98.25
2025-11-18 18:35:34.273819,1.41,200,3.91,92.43
2025-11-18 18:34:34.273821,2.2,200,0.24,97.9
2025-11-18 18:33:34.273824,2.9,200,7.75,96.7
2025-11-18 18:32:34.273826,1.31,200,9.62,93.53
2025-11-18 18:31:34.273829,2.37,500,5.39,98.67
2025-11-18 18:30:34.273832,1.78,200,3.33,99.37
2025-11-18 18:29:34.273834,1.51,200,4.68,95.3
2025-11-18 18:28:34.273837,2.06,500,0.73,98.1
2025-11-18 18:27:34.273839,1.33,500,0.97,91.02
2025-11-18 18:26:34.273842,1.53,200,2.86,91.29
2025-11-18 18:25:34.273844,1.47,500,2.19,98.31
2025-11-18 18:24:34.273847,0.79,200,7.72,91.38
2025-11-18 18:23:34.273849,0.53,200,4.36,93.27
2025-11-18 18:22:34.273852,0.73,500,4.17,90.26
2025-11-18 18:21:34.273854,1.01,200,0.97,97.68
2025-11-18 18:20:34.273857,2.68,200,9.87,92.35
2025-11-18 18:19:34.273860,1.95,200,7.77,95.84
2025-11-18 18:18:34.273862,1.7,200,6.45,97.84
2025-11-18 18:17:34.273865,1.54,500,8.51,97.19
2025-11-18 18:16:34.273867,1.67,500,6.73,92.88
2025-11-18 18:15:34.273870,2.22,200,5.16,92.31
2025-11-18 18:14:34.273872,2.1,200,0.21,98.14
2025-11-18 18:13:34.273875,2.27,200,1.1,95.16
2025-11-18 18:12:34.273878,2.43,200,6.83,91.44
2025-11-18 18:11:34.273880,1.15,200,1.64,90.44
2025-11-18 18:10:34.273883,2.3,200,6.75,98.4
2025-11-18 18:09:34.273885,0.66,200,7.6,94.58
2025-11-18 18:08:34.273887,2.89,200,9.24,99.35
2025-11-18 18:07:34.273890,0.58,200,5.78,91.96
2025-11-18 18:06:34.273892,0.12,200,8.41,95.28
2025-11-18 18:05:34.273895,1.37,200,4.59,94.11
2025-11-18 18:04:34.273897,0.53,200,8.29,90.6
2025-11-18 18:03:34.273900,1.46,200,5.7,97.94
2025-11-18 18:02:34.273902,2.98,200,8.96,99.54
2025-11-18 18:01:34.273905,0.19,200,7.78,98.27
2025-11-18 18:00:34.273907,0.62,500,4.53,94.01
2025-11-18 17:59:34.273910,2.77,500,6.13,90.51
2025-11-18 17:58:34.273912,2.29,500,0.95,96.63
2025-11-18 17:57:34.273915,2.44,200,2.7,99.39
2025-11-18 17:56:34.273917,1.34,200,9.39,94.55
2025-11-18 17:55:34.273920,2.8,500,7.9,90.14
2025-11-18 17:54:34.273923,0.8,200,3.0,95.02
2025-11-18 17:53:34.273925,0.23,200,3.41,91.87
2025-11-18 17:52:34.273928,1.19,200,1.77,92.58
2025-11-18 17:51:34.273931,2.48,200,2.61,93.32
2025-11-18 17:50:34.273933,1.1,200,4.17,98.44
2025-11-18 17:49:34.273936,0.92,200,6.72,93.68
2025-11-18 17:48:34.273938,1.25,200,2.2,94.04
2025-11-18 17:47:34.273941,1.59,200,7.02,91.04
2025-11-18 17:46:34.273943,2.54,200,0.06,93.92
2025-11-18 17:45:34.273946,1.25,200,5.6,91.79
2025-11-18 17:44:34.273948,2.66,200,7.02,92.89
2025-11-18 17:43:34.273951,0.95,200,2.01,90.87
2025-11-18 17:42:34.273953,0.29,500,6.31,96.32
2025-11-18 17:41:34.273956,2.19,200,9.22,94.35
2025-11-18 17:40:34.273959,1.25,200,4.34,95.99
2025-11-18 17:39:34.273961,2.47,500,5.15,97.35
2025-11-18 17:38:34.273964,0.98,200,8.95,99.32
2025-11-18 17:37:34.273966,0.81,200,0.5,99.45
2025-11-18 17:36:34.273969,0.97,200,6.3,95.81
2025-11-18 17:35:34.273971,2.19,200,7.45,94.7
2025-11-18 17:34:34.273974,0.86,200,0.56,94.01
2025-11-18 17:33:34.273977,0.27,200,3.08,92.88
2025-11-18 17:32:34.273979,1.79,200,8.95,96.67
2025-11-18 17:31:34.273982,2.36,200,7.68,99.79
2025-11-18 17:30:34.273984,2.83,200,3.41,90.56
2025-11-18 17:29:34.273987,0.13,500,1.81,90.46
2025-11-18 17:28:34.273989,1.87,200,5.48,97.36
2025-11-18 17:27:34.273992,0.79,500,7.1,90.23
2025-11-18 17:26:34.273994,0.3,200,9.0,95.52
2025-11-18 17:25:34.273997,0.95,200,7.77,99.89
2025-11-18 17:24:34.274000,2.46,500,5.89,99.4
2025-11-18 17:23:34.274003,1.69,200,9.12,97.97
2025-11-18 17:22:34.274006,2.38,200,4.7,94.5
2025-11-18 17:21:34.274008,0.49,200,1.21,90.47
2025-11-18 17:20:34.274011,2.68,500,8.04,96.48
2025-11-18 17:19:34.274014,1.9,200,6.13,99.05
2025-11-18 17:18:34.274016,0.15,200,2.28,91.15
2025-11-18 17:17:34.274019,0.35,200,0.72,91.41
2025-11-18 17:16:34.274021,1.29,200,2.98,95.02
2025-11-18 17:15:34.274024,1.19,200,1.32,95.67
2025-11-18 17:14:34.274026,0.8,500,1.26,93.21
2025-11-18 17:13:34.274029,1.5,500,9.29,90.1
2025-11-18 17:12:34.274031,2.72,200,7.01,99.53
2025-11-18 17:11:34.274034,1.51,500,6.83,99.76
2025-11-18 17:10:34.274036,0.79,500,3.45,90.11
2025-11-18 17:09:34.274039,2.42,200,2.86,92.11
2025-11-18 17:08:34.274041,1.09,200,9.47,92.08
2025-11-18 17:07:34.274044,2.01,200,8.32,93.27
2025-11-18 17:06:34.274046,1.96,200,0.05,91.68
2025-11-18 17:05:34.274049,0.96,500,5.16,94.5
2025-11-18 17:04:34.274051,2.77,500,0.94,92.67
2025-11-18 17:03:34.274054,1.0,200,0.43,94.21
2025-11-18 17:02:34.274057,1.86,200,1.33,97.34
2025-11-18 17:01:34.274059,1.26,500,1.12,99.06
2025-11-18 17:00:34.274062,0.16,200,9.14,96.27
2025-11-18 16:59:34.274064,0.53,200,7.48,99.84
2025-11-18 16:58:34.274067,0.21,500,2.73,93.41
2025-11-18 16:57:34.274069,1.45,200,6.61,93.07
2025-11-18 16:56:34.274072,1.72,200,1.78,92.84
2025-11-18 16:55:34.274074,0.95,200,3.36,95.22
2025-11-18 16:54:34.274077,1.33,200,8.07,92.15
2025-11-18 16:53:34.274079,2.78,200,3.58,99.11
2025-11-18 16:52:34.274082,1.6,500,6.61,98.86
2025-11-18 16:51:34.274084,2.45,200,0.15,96.37
2025-11-18 16:50:34.274087,1.02,200,8.49,91.84
2025-11-18 16:49:34.274089,2.09,200,1.03,98.47
2025-11-18 16:48:34.274092,0.33,500,3.63,93.99
2025-11-18 16:47:34.274094,2.54,500,6.46,92.71
2025-11-18 16:46:34.274097,0.35,200,7.67,91.57
2025-11-18 16:45:34.274102,2.66,500,5.38,95.75
2025-11-18 16:44:34.274140,0.61,500,1.71,93.06
2025-11-18 16:43:34.274143,1.61,200,1.68,90.16
2025-11-18 16:42:34.274145,0.12,200,4.6,93.93
2025-11-18 16:41:34.274148,1.09,200,6.63,99.24
2025-11-18 16:40:34.274150,1.83,200,5.36,93.89
2025-11-18 16:39:34.274156,0.63,500,8.94,97.13
2025-11-18 16:38:34.274158,0.79,200,6.51,90.27
2025-11-18 16:37:34.274161,1.18,200,5.61,90.65
2025-11-18 16:36:34.274163,0.68,200,4.66,98.55
2025-11-18 16:35:34.274166,1.61,200,1.52,96.12
2025-11-18 16:34:34.274169,1.48,200,7.95,96.59
2025-11-18 16:33:34.274172,0.46,200,3.52,99.86
2025-11-18 16:32:34.274175,0.76,200,6.97,97.44
2025-11-18 16:31:34.274178,0.35,500,6.93,96.83
2025-11-18 16:30:34.274181,1.15,200,1.13,93.02
2025-11-18 16:29:34.274184,2.1,200,2.38,96.98
2025-11-18 16:28:34.274189,0.26,200,1.66,92.14
2025-11-18 16:27:34.274192,2.14,200,4.05,97.29
2025-11-18 16:26:34.274195,1.27,200,6.01,90.96
2025-11-18 16:25:34.274198,2.6,200,0.08,96.72
2025-11-18 16:24:34.274200,0.21,200,7.57,94.78
2025-11-18 16:23:34.274203,2.83,200,9.35,95.19
2025-11-18 16:22:34.274206,0.63,200,9.68,99.89
2025-11-18 16:21:34.274208,0.52,200,8.21,93.21
2025-11-18 16:20:34.274211,0.39,200,8.36,97.89
2025-11-18 16:19:34.274214,0.69,200,3.68,98.77
2025-11-18 16:18:34.274216,0.52,200,1.56,99.31
2025-11-18 16:17:34.274219,0.95,200,9.26,97.14
2025-11-18 16:16:34.274221,1.43,200,2.48,97.59
2025-11-18 16:15:34.274224,2.52,200,7.4,90.42
2025-11-18 16:14:34.274227,0.55,200,7.14,96.74
2025-11-18 16:13:34.274229,1.48,200,6.05,98.44
2025-11-18 16:12:34.274232,1.04,200,9.61,94.48
2025-11-18 16:11:34.274235,2.67,200,1.06,92.14
2025-11-18 16:10:34.274237,1.8,200,3.5,97.66
2025-11-18 16:09:34.274240,0.56,200,5.13,94.7
2025-11-18 16:08:34.274243,2.61,500,4.73,91.08
2025-11-18 16:07:34.274245,2.19,500,3.85,92.72
2025-11-18 16:06:34.274248,0.74,200,7.42,91.58
2025-11-18 16:05:34.274251,1.0,200,0.08,98.14
2025-11-18 16:04:34.274254,1.04,200,8.93,99.57
2025-11-18 16:03:34.274256,0.72,500,6.33,93.87
2025-11-18 16:02:34.274259,2.93,200,8.52,95.47
2025-11-18 16:01:34.274262,0.94,200,0.14,93.74
2025-11-18 16:00:34.274265,1.44,200,7.86,97.2
2025-11-18 15:59:34.274268,0.4,200,9.46,96.86
2025-11-18 15:58:34.274271,2.31,200,6.17,90.54
2025-11-18 15:57:34.274274,0.13,200,8.47,93.28
2025-11-18 15:56:34.274280,2.06,200,3.75,93.46
2025-11-18 15:55:34.274283,1.24,200,3.07,99.63
2025-11-18 15:54:34.274285,1.28,200,5.16,96.37
2025-11-18 15:53:34.274288,1.56,200,8.25,96.72
2025-11-18 15:52:34.274291,1.19,200,6.1,96.86
2025-11-18 15:51:34.274293,1.44,200,1.53,95.28
2025-11-18 15:50:34.274296,0.15,200,4.68,90.57
2025-11-18 15:49:34.274299,2.44,200,8.36,92.04
2025-11-18 15:48:34.274302,0.53,200,6.3,96.47
2025-11-18 15:47:34.274305,0.99,200,7.67,99.33
2025-11-18 15:46:34.274307,0.13,500,2.41,90.0
2025-11-18 15:45:34.274310,0.7,200,8.82,95.33
2025-11-18 15:44:34.274313,2.53,200,8.12,99.3
2025-11-18 15:43:34.274316,1.32,200,5.33,92.77
2025-11-18 15:42:34.274319,0.22,500,8.07,97.85
2025-11-18 15:41:34.274321,2.83,200,4.43,98.08
2025-11-18 15:40:34.274324,0.71,200,4.11,90.85
2025-11-18 15:39:34.274327,0.61,200,4.6,91.31
2025-11-18 15:38:34.274329,0.9,200,1.24,91.56
2025-11-18 15:37:34.274332,2.42,200,8.13,94.64
2025-11-18 15:36:34.274334,2.14,200,7.91,96.1
2025-11-18 15:35:34.274337,1.33,500,6.02,91.04
2025-11-18 15:34:34.274340,2.01,200,9.16,90.88
2025-11-18 15:33:34.274342,0.3,200,7.42,99.82
2025-11-18 15:32:34.274345,0.37,200,3.08,97.47
2025-11-18 15:31:34.274347,1.3,500,9.67,95.59
2025-11-18 15:30:34.274350,2.54,500,2.71,98.65
2025-11-18 15:29:34.274352,0.25,200,3.67,91.25
2025-11-18 15:28:34.274355,0.32,200,7.31,98.31
2025-11-18 15:27:34.274358,2.27,200,2.93,92.9
2025-11-18 15:26:34.274360,1.19,200,3.0,97.42
2025-11-18 15:25:34.274365,2.9,200,1.69,92.72
2025-11-18 15:24:34.274368,0.49,500,6.42,90.86
2025-11-18 15:23:34.274371,1.61,200,7.69,96.6
2025-11-18 15:22:34.274374,0.4,200,5.64,94.52
2025-11-18 15:21:34.274376,1.66,500,9.98,99.17
2025-11-18 15:20:34.274378,1.85,200,1.33,92.28
2025-11-18 15:19:34.274381,0.15,200,1.28,94.06
2025-11-18 15:18:34.274384,1.4,200,0.06,94.81
2025-11-18 15:17:34.274386,0.67,200,2.7,97.93
2025-11-18 15:16:34.274389,1.81,200,9.53,99.47
2025-11-18 15:15:34.274392,2.44,200,4.45,97.59
2025-11-18 15:14:34.274397,1.02,200,8.18,99.67
2025-11-18 15:13:34.274399,1.9,200,8.18,93.65
2025-11-18 15:12:34.274402,2.69,200,9.46,92.17
2025-11-18 15:11:34.274405,2.05,500,9.48,97.87
2025-11-18 15:10:34.274407,1.48,200,4.57,90.6
2025-11-18 15:09:34.274410,1.95,200,2.41,94.91
2025-11-18 15:08:34.274413,1.57,200,8.2,96.02
2025-11-18 15:07:34.274415,2.57,200,9.46,99.9
2025-11-18 15:06:34.274418,2.18,200,7.84,92.62
2025-11-18 15:05:34.274420,0.96,200,9.17,98.44
2025-11-18 15:04:34.274423,1.19,200,4.27,99.71
2025-11-18 15:03:34.274425,0.64,200,7.56,98.8
2025-11-18 15:02:34.274428,2.67,500,3.34,95.09
2025-11-18 15:01:34.274431,0.17,200,7.03,94.96
2025-11-18 15:00:34.274433,0.27,200,2.28,99.19
2025-11-18 14:59:34.274435,0.58,200,2.96,92.94
2025-11-18 14:58:34.274438,1.59,500,4.1,92.53
2025-11-18 14:57:34.274441,0.6,200,5.77,91.16
2025-11-18 14:56:34.274444,0.83,500,8.24,97.89
2025-11-18 14:55:34.274446,2.02,200,9.05,90.77
2025-11-18 14:54:34.274449,0.68,200,7.36,96.33
2025-11-18 14:53:34.274451,1.23,200,0.61,99.08
2025-11-18 14:52:34.274454,2.64,200,0.98,90.31
2025-11-18 14:51:34.274456,0.67,200,3.65,91.62
2025-11-18 14:50:34.274459,2.7,200,3.7,91.06
2025-11-18 14:49:34.274461,1.77,500,1.84,99.47
2025-11-18 14:48:34.274464,0.69,200,6.39,92.52
2025-11-18 14:47:34.274466,2.7,200,1.58,98.6
2025-11-18 14:46:34.274469,0.71,200,9.22,97.18
2025-11-18 14:45:34.274471,1.91,200,7.48,92.19
2025-11-18 14:44:34.274474,0.85,500,6.62,91.32
2025-11-18 14:43:34.274476,2.48,200,7.16,95.07
2025-11-18 14:42:34.274479,2.92,200,2.5,92.49
2025-11-18 14:41:34.274481,2.67,500,3.75,95.52
2025-11-18 14:40:34.274484,2.05,200,7.93,96.42
2025-11-18 14:39:34.274486,2.26,200,4.79,93.48
2025-11-18 14:38:34.274489,0.61,200,5.69,96.84
2025-11-18 14:37:34.274491,2.11,200,8.7,92.78
2025-11-18 14:36:34.274494,1.84,200,0.04,96.32
2025-11-18 14:35:34.274497,2.18,200,7.44,96.19
2025-11-18 14:34:34.274499,2.73,500,8.95,98.54
2025-11-18 14:33:34.274502,0.7,200,1.31,92.22
2025-11-18 14:32:34.274507,0.89,200,2.0,92.22
2025-11-18 14:31:34.274509,1.95,200,1.17,91.99
2025-11-18 14:30:34.274512,2.76,500,7.01,93.71
2025-11-18 14:29:34.274514,2.29,200,9.04,97.1
2025-11-18 14:28:34.274517,0.21,200,9.58,97.76
2025-11-18 14:27:34.274519,1.94,200,1.1,92.9
2025-11-18 14:26:34.274521,0.68,500,6.25,99.35
2025-11-18 14:25:34.274524,0.39,200,6.09,92.03
2025-11-18 14:24:34.274526,2.21,200,4.31,91.42
2025-11-18 14:23:34.274529,2.86,200,7.91,93.29
2025-11-18 14:22:34.274531,1.87,200,3.45,98.71
2025-11-18 14:21:34.274536,2.76,200,7.55,92.52
2025-11-18 14:20:34.274538,1.62,200,4.6,95.5
2025-11-18 14:19:34.274541,2.57,500,9.58,92.85
2025-11-18 14:18:34.274543,2.82,200,6.85,92.71
2025-11-18 14:17:34.274546,0.52,200,0.74,92.73
2025-11-18 14:16:34.274548,1.74,200,6.81,96.39
2025-11-18 14:15:34.274551,0.15,200,7.53,93.75
2025-11-18 14:14:34.274554,1.35,200,1.86,93.5
2025-11-18 14:13:34.274556,1.53,200,1.51,96.86
2025-11-18 14:12:34.274559,2.95,200,1.77,92.05
2025-11-18 14:11:34.274561,1.23,200,7.13,96.48
2025-11-18 14:10:34.274564,1.94,500,8.15,98.02
2025-11-18 14:09:34.274566,1.88,200,6.32,99.96
2025-11-18 14:08:34.274569,1.52,200,9.01,95.95
2025-11-18 14:07:34.274571,1.96,200,4.53,91.19
2025-11-18 14:06:34.274574,0.23,500,5.67,92.32
2025-11-18 14:05:34.274576,1.35,500,2.29,98.02
2025-11-18 14:04:34.274581,1.1,500,4.63,98.09
2025-11-18 14:03:34.274584,1.54,200,9.06,93.38
2025-11-18 14:02:34.274587,2.99,500,0.39,94.75
2025-11-18 14:01:34.274590,1.08,200,1.22,95.37
2025-11-18 14:00:34.274592,1.06,500,0.18,92.06
2025-11-18 13:59:34.274595,1.56,200,8.49,95.82
2025-11-18 13:58:34.274598,0.75,500,6.48,99.3
2025-11-18 13:57:34.274601,2.9,500,7.91,99.52
2025-11-18 13:56:34.274603,1.63,200,5.21,96.43
2025-11-18 13:55:34.274606,2.34,500,6.58,91.2
2025-11-18 13:54:34.274609,2.56,500,6.69,96.17
2025-11-18 13:53:34.274611,1.76,500,8.25,97.27
2025-11-18 13:52:34.274614,1.63,200,6.42,96.69
2025-11-18 13:51:34.274616,2.6,200,0.99,93.27
2025-11-18 13:50:34.274619,2.56,500,2.23,95.98
2025-11-18 13:49:34.274626,2.9,200,7.41,90.52
2025-11-18 13:48:34.274629,0.72,200,6.04,94.51
2025-11-18 13:47:34.274631,1.49,200,9.61,97.11
2025-11-18 13:46:34.274634,2.96,200,3.77,97.22
2025-11-18 13:45:34.274636,2.41,200,6.2,96.76
2025-11-18 13:44:34.274639,0.95,200,4.78,95.75
2025-11-18 13:43:34.274641,1.13,200,9.28,98.16
2025-11-18 13:42:34.274644,2.5,200,0.74,94.49
2025-11-18 13:41:34.274646,2.86,500,2.65,95.46
2025-11-18 13:40:34.274648,1.46,200,4.53,92.32
2025-11-18 13:39:34.274651,2.64,200,0.89,95.68
2025-11-18 13:38:34.274653,2.34,200,4.2,94.15
2025-11-18 13:37:34.274656,0.79,200,3.03,95.02
2025-11-18 13:36:34.274658,2.33,500,3.82,98.79
2025-11-18 13:35:34.274661,1.13,200,8.78,95.64
2025-11-18 13:34:34.274664,0.28,200,2.7,97.42
2025-11-18 13:33:34.274666,0.26,200,8.51,98.47
2025-11-18 13:32:34.274669,2.79,200,8.91,91.65
2025-11-18 13:31:34.274671,2.3,500,6.09,99.13
2025-11-18 13:30:34.274674,0.19,200,5.13,94.17
2025-11-18 13:29:34.274676,0.13,500,9.79,95.87
2025-11-18 13:28:34.274679,0.72,200,6.05,96.4
2025-11-18 13:27:34.274682,1.54,200,8.37,91.08
2025-11-18 13:26:34.274684,2.1,200,0.93,93.82
2025-11-18 13:25:34.274687,0.54,200,9.64,93.92
2025-11-18 13:24:34.274689,0.91,200,9.4,96.25
2025-11-18 13:23:34.274692,2.59,200,4.58,97.49
2025-11-18 13:22:34.274696,1.86,200,8.92,92.0
2025-11-18 13:21:34.274698,2.01,500,3.27,93.23
2025-11-18 13:20:34.274701,1.56,200,0.06,94.14
2025-11-18 13:19:34.274703,1.41,500,8.42,97.29
2025-11-18 13:18:34.274706,1.21,200,2.33,90.13
2025-11-18 13:17:34.274710,2.48,500,6.24,97.39
2025-11-18 13:16:34.274712,2.21,200,0.42,97.09
2025-11-18 13:15:34.274715,2.23,200,2.52,92.18
2025-11-18 13:14:34.274717,1.05,200,6.73,95.98
2025-11-18 13:13:34.274720,2.42,500,4.07,90.35
2025-11-18 13:12:34.274722,2.65,200,6.8,94.4
2025-11-18 13:11:34.274725,0.58,500,2.73,99.44
2025-11-18 13:10:34.274728,0.44,200,4.38,97.36
2025-11-18 13:09:34.274730,0.49,500,1.78,94.96
2025-11-18 13:08:34.274733,2.63,200,9.66,92.85
2025-11-18 13:07:34.274735,0.94,200,7.47,91.76
2025-11-18 13:06:34.274740,2.23,200,3.96,99.36
2025-11-18 13:05:34.274743,2.53,200,6.04,98.14
2025-11-18 13:04:34.274746,2.97,200,4.23,91.74
2025-11-18 13:03:34.274748,2.58,500,5.07,92.65
2025-11-18 13:02:34.274751,1.89,200,2.33,92.25
2025-11-18 13:01:34.274753,1.3,200,3.64,94.48
2025-11-18 13:00:34.274756,2.74,500,3.43,99.08
2025-11-18 12:59:34.274758,1.27,500,4.61,95.01
2025-11-18 12:58:34.274761,2.61,200,7.23,93.7
2025-11-18 12:57:34.274764,0.24,200,4.39,93.62
2025-11-18 12:56:34.274766,1.11,200,5.43,99.02
2025-11-18 12:55:34.274768,1.2,200,3.0,96.11
2025-11-18 12:54:34.274771,2.97,200,2.13,91.9
2025-11-18 12:53:34.274774,0.16,500,9.77,97.02
2025-11-18 12:52:34.274776,0.44,200,3.97,95.47
2025-11-18 12:51:34.274779,0.28,200,0.36,96.42
2025-11-18 12:50:34.274781,2.46,200,0.68,90.02
2025-11-18 12:49:34.274784,1.9,200,3.9,94.88
2025-11-18 12:48:34.274786,2.94,200,8.77,92.25
2025-11-18 12:47:34.274789,0.5,200,8.05,97.31
2025-11-18 12:46:34.274791,2.71,200,3.15,96.37
2025-11-18 12:45:34.274794,0.4,200,8.12,91.37
2025-11-18 12:44:34.274796,2.61,200,6.47,91.91
2025-11-18 12:43:34.274799,0.2,500,9.46,99.07
2025-11-18 12:42:34.274801,2.3,200,9.5,94.6
2025-11-18 12:41:34.274804,1.88,200,6.56,94.41
2025-11-18 12:40:34.274808,1.98,200,7.09,99.96
2025-11-18 12:39:34.274811,0.62,200,0.48,95.48
2025-11-18 12:38:34.274813,1.87,200,5.6,95.21
2025-11-18 12:37:34.274816,2.51,500,6.62,97.05
2025-11-18 12:36:34.274818,2.87,200,9.66,94.35
2025-11-18 12:35:34.274821,2.33,200,6.83,99.16
2025-11-18 12:34:34.274824,2.97,200,5.97,91.99
2025-11-18 12:33:34.274826,1.49,200,4.09,92.91
2025-11-18 12:32:34.274829,1.18,200,5.17,99.28
2025-11-18 12:31:34.274831,1.68,200,9.35,96.04
2025-11-18 12:30:34.274834,1.33,200,2.55,90.09
2025-11-18 12:29:34.274836,1.18,200,5.47,94.38
2025-11-18 12:28:34.274839,2.12,200,8.81,91.25
2025-11-18 12:27:34.274841,2.97,200,4.68,94.4
2025-11-18 12:26:34.274843,2.74,500,2.0,95.01
2025-11-18 12:25:34.274846,2.46,200,4.86,94.23
2025-11-18 12:24:34.274850,1.59,200,8.67,95.45
2025-11-18 12:23:34.274853,0.35,500,1.41,90.88
2025-11-18 12:22:34.274855,2.58,500,9.06,99.34
2025-11-18 12:21:34.274857,1.25,200,3.07,92.64
2025-11-18 12:20:34.274860,0.31,200,7.41,91.59
2025-11-18 12:19:34.274862,2.74,200,3.97,90.99
2025-11-18 12:18:34.274865,1.42,500,9.76,95.44
2025-11-18 12:17:34.274867,1.41,200,7.4,98.09
2025-11-18 12:16:34.274870,2.54,200,4.97,99.54
2025-11-18 12:15:34.274872,2.74,200,7.0,92.71
2025-11-18 12:14:34.274875,1.5,500,2.62,91.76
2025-11-18 12:13:34.274880,2.23,200,9.53,92.03
2025-11-18 12:12:34.274882,1.24,200,5.98,98.48
2025-11-18 12:11:34.274884,2.18,200,1.04,92.07
2025-11-18 12:10:34.274887,2.28,200,9.45,91.52
2025-11-18 12:09:34.274889,2.75,200,0.44,94.16
2025-11-18 12:08:34.274892,0.57,200,7.22,95.43
2025-11-18 12:07:34.274894,2.56,500,0.89,90.28
2025-11-18 12:06:34.274897,1.68,200,3.84,96.75
2025-11-18 12:05:34.274899,0.95,500,6.37,92.14
2025-11-18 12:04:34.274902,2.35,200,3.68,95.87
2025-11-18 12:03:34.274904,1.96,200,7.38,98.09
2025-11-18 12:02:34.274907,2.38,200,0.74,92.58
2025-11-18 12:01:34.274909,1.36,200,0.89,92.3
2025-11-18 12:00:34.274912,1.93,500,5.29,95.1
2025-11-18 11:59:34.274915,2.98,200,1.94,92.83
2025-11-18 11:58:34.274917,1.49,200,4.07,99.83
2025-11-18 11:57:34.274921,1.11,500,3.72,90.37
2025-11-18 11:56:34.274924,2.83,200,9.69,97.46
2025-11-18 11:55:34.274926,2.58,500,7.32,96.39
2025-11-18 11:54:34.274929,2.75,200,3.53,91.24
2025-11-18 11:53:34.274931,0.23,500,5.85,95.85
2025-11-18 11:52:34.274934,0.62,200,7.07,97.43
2025-11-18 11:51:34.274939,2.09,200,6.87,96.17
2025-11-18 11:50:34.274943,2.43,500,2.97,91.84
2025-11-18 11:49:34.274947,2.42,200,6.47,98.94
2025-11-18 11:48:34.274950,1.12,500,3.64,98.36
2025-11-18 11:47:34.274952,0.61,200,9.1,90.06
2025-11-18 11:46:34.274955,1.92,200,4.66,95.59
2025-11-18 11:45:34.274958,1.5,200,6.58,92.88
2025-11-18 11:44:34.274960,1.87,200,4.54,96.08
2025-11-18 11:43:34.274963,0.53,500,3.39,91.71
2025-11-18 11:42:34.274967,1.45,200,0.2,90.76
2025-11-18 11:41:34.274969,2.37,200,9.58,90.77
2025-11-18 11:40:34.274972,1.42,200,2.58,91.14
2025-11-18 11:39:34.274974,1.66,200,2.59,97.0
2025-11-18 11:38:34.274977,0.24,200,9.95,96.46
2025-11-18 11:37:34.274979,1.34,500,5.3,92.69
2025-11-18 11:36:34.274982,1.94,500,6.3,92.14
2025-11-18 11:35:34.274985,0.22,200,7.56,92.16
2025-11-18 11:34:34.274987,1.1,200,0.41,91.08
2025-11-18 11:33:34.274990,0.5,200,2.98,99.08
2025-11-18 11:32:34.274993,0.43,200,1.33,90.12
2025-11-18 11:31:34.274995,2.52,200,8.08,91.89
2025-11-18 11:30:34.274998,2.4,200,2.15,93.28
2025-11-18 11:29:34.275001,0.92,200,3.27,91.27
2025-11-18 11:28:34.275003,0.7,200,7.95,91.45
2025-11-18 11:27:34.275006,0.66,200,9.37,92.21
2025-11-18 11:26:34.275008,0.21,200,5.93,96.09
2025-11-18 11:25:34.275010,1.38,500,4.92,93.79
2025-11-18 11:24:34.275013,2.8,200,7.14,92.21
2025-11-18 11:23:34.275015,1.76,200,4.14,93.57
2025-11-18 11:22:34.275018,0.89,200,4.9,93.44
2025-11-18 11:21:34.275020,0.79,200,4.46,92.74
2025-11-18 11:20:34.275023,2.58,500,4.84,95.21
2025-11-18 11:19:34.275026,1.12,200,0.76,92.39
2025-11-18 11:18:34.275028,2.84,200,2.42,98.56
2025-11-18 11:17:34.275031,2.3,500,7.57,97.21
2025-11-18 11:16:34.275033,0.86,200,3.3,90.45
2025-11-18 11:15:34.275036,2.52,200,0.55,96.69
2025-11-18 11:14:34.275040,2.13,500,6.39,98.25
2025-11-18 11:13:34.275043,1.1,200,6.0,98.65
2025-11-18 11:12:34.275046,0.93,500,2.39,91.53
2025-11-18 11:11:34.275048,2.26,200,6.39,90.93
2025-11-18 11:10:34.275052,0.1,200,3.35,91.61
2025-11-18 11:09:34.275055,2.06,200,5.79,94.58
2025-11-18 11:08:34.275057,1.72,200,4.67,92.6
2025-11-18 11:07:34.275060,2.45,500,7.83,99.17
2025-11-18 11:06:34.275062,1.46,500,4.76,99.39
2025-11-18 11:05:34.275065,0.68,200,9.26,99.5
2025-11-18 11:04:34.275068,0.87,200,2.01,92.37
2025-11-18 11:03:34.275070,0.26,200,7.4,90.19
2025-11-18 11:02:34.275073,2.54,500,0.15,90.09
2025-11-18 11:01:34.275075,1.88,200,4.93,93.44
2025-11-18 11:00:34.275078,1.43,200,5.36,91.39
2025-11-18 10:59:34.275082,0.81,500,1.71,93.47
2025-11-18 10:58:34.275085,2.64,200,9.15,97.37
2025-11-18 10:57:34.275087,2.9,200,9.7,99.56
2025-11-18 10:56:34.275090,2.75,500,8.27,94.48
2025-11-18 10:55:34.275092,1.7,200,6.29,91.96
2025-11-18 10:54:34.275095,0.54,200,8.03,97.57
2025-11-18 10:53:34.275097,0.17,200,8.14,94.95
2025-11-18 10:52:34.275100,1.75,200,6.74,94.39
2025-11-18 10:51:34.275102,1.81,200,7.07,93.98
2025-11-18 10:50:34.275105,1.88,200,4.23,91.3
2025-11-18 10:49:34.275107,0.54,500,9.32,91.73
2025-11-18 10:48:34.275109,0.47,200,0.57,91.96
2025-11-18 10:47:34.275112,2.53,200,8.42,90.41
2025-11-18 10:46:34.275114,1.87,500,6.87,97.77
2025-11-18 10:45:34.275117,0.9,500,0.15,97.4
2025-11-18 10:44:34.275119,2.19,500,5.22,96.82
2025-11-18 10:43:34.275122,1.76,200,0.73,98.27
2025-11-18 10:42:34.275124,1.34,500,7.88,92.29
2025-11-18 10:41:34.275127,1.03,200,0.85,92.13
2025-11-18 10:40:34.275129,0.43,200,4.17,91.34
2025-11-18 10:39:34.275132,0.77,200,2.34,98.69
2025-11-18 10:38:34.275135,1.16,200,5.07,94.4
2025-11-18 10:37:34.275137,1.66,200,5.94,95.45
2025-11-18 10:36:34.275140,1.42,200,2.21,98.7
2025-11-18 10:35:34.275142,1.78,200,7.6,95.03
2025-11-18 10:34:34.275145,2.4,200,1.82,99.58
2025-11-18 10:33:34.275148,1.38,500,5.57,90.9
2025-11-18 10:32:34.275152,2.59,200,2.32,94.89
2025-11-18 10:31:34.275155,1.67,200,8.2,98.63
2025-11-18 10:30:34.275157,1.29,200,6.36,91.91
2025-11-18 10:29:34.275160,1.25,500,5.23,91.1
2025-11-18 10:28:34.275162,2.62,200,4.42,96.72
2025-11-18 10:27:34.275165,0.23,500,6.11,90.58
2025-11-18 10:26:34.275167,2.08,200,3.42,93.7
2025-11-18 10:25:34.275170,3.0,200,8.95,93.7
2025-11-18 10:24:34.275172,2.32,200,1.89,98.84
2025-11-18 10:23:34.275175,0.83,200,8.6,93.89
2025-11-18 10:22:34.275178,2.23,200,3.84,97.36
2025-11-18 10:21:34.275180,2.76,200,1.58,93.09
2025-11-18 10:20:34.275183,0.32,200,8.24,94.87
2025-11-18 10:19:34.275185,2.93,200,4.23,95.34
2025-11-18 10:18:34.275188,2.92,200,4.2,95.93
2025-11-18 10:17:34.275190,0.87,500,3.54,93.13
2025-11-18 10:16:34.275195,1.43,200,6.61,92.14
2025-11-18 10:15:34.275197,2.46,200,1.13,93.75
2025-11-18 10:14:34.275200,2.14,200,4.24,91.11
2025-11-18 10:13:34.275202,2.92,500,5.04,93.5
2025-11-18 10:12:34.275205,0.62,200,3.14,98.69
2025-11-18 10:11:34.275207,1.04,200,9.26,95.93
2025-11-18 10:10:34.275210,0.82,200,0.53,91.44
2025-11-18 10:09:34.275247,0.78,200,7.5,99.47
2025-11-18 10:08:34.275250,1.06,500,1.33,90.21
2025-11-18 10:07:34.275252,0.31,200,3.59,91.63
2025-11-18 10:06:34.275257,0.41,500,8.5,96.29
2025-11-18 10:05:34.275260,0.51,200,7.92,92.86
2025-11-18 10:04:34.275262,0.81,200,8.62,95.9
2025-11-18 10:03:34.275265,1.83,200,9.83,93.95
2025-11-18 10:02:34.275268,0.12,200,2.22,99.86
2025-11-18 10:01:34.275270,1.25,200,9.42,95.68
2025-11-18 10:00:34.275273,1.38,200,8.65,93.67
2025-11-18 09:59:34.275276,0.69,200,0.71,99.82
2025-11-18 09:58:34.275278,1.83,200,9.79,97.48
2025-11-18 09:57:34.275281,1.25,200,6.64,91.04
2025-11-18 09:56:34.275283,2.29,200,1.98,92.62
2025-11-18 09:55:34.275286,2.27,200,3.36,90.83
2025-11-18 09:54:34.275288,0.52,200,8.91,94.13
2025-11-18 09:53:34.275291,1.83,500,1.54,91.84
2025-11-18 09:52:34.275293,2.94,200,8.12,91.94
2025-11-18 09:51:34.275296,1.21,200,3.77,96.19
2025-11-18 09:50:34.275302,0.38,200,1.42,92.2
2025-11-18 09:49:34.275304,2.06,200,0.19,90.85
2025-11-18 09:48:34.275307,1.4,200,6.81,91.94
2025-11-18 09:47:34.275309,1.91,200,6.22,93.3
2025-11-18 09:46:34.275312,2.12,500,3.83,97.22
2025-11-18 09:45:34.275314,2.42,200,9.57,96.07
2025-11-18 09:44:34.275317,0.26,200,2.31,93.08
2025-11-18 09:43:34.275319,0.17,200,8.22,99.95
2025-11-18 09:42:34.275322,1.13,200,2.89,97.2
2025-11-18 09:41:34.275324,2.5,200,4.99,98.62
2025-11-18 09:40:34.275327,2.65,200,5.63,90.19
2025-11-18 09:39:34.275329,0.38,200,0.32,92.38
2025-11-18 09:38:34.275331,0.13,200,3.38,96.86
2025-11-18 09:37:34.275334,1.77,200,1.24,97.96
2025-11-18 09:36:34.275336,0.73,500,0.73,98.98
2025-11-18 09:35:34.275339,1.36,200,4.26,93.54
2025-11-18 09:34:34.275344,1.67,200,1.11,97.99
2025-11-18 09:33:34.275346,2.8,200,5.69,90.31
2025-11-18 09:32:34.275349,1.84,500,5.37,95.89
2025-11-18 09:31:34.275351,0.7,200,7.1,93.46
2025-11-18 09:30:34.275354,1.55,200,0.14,99.06
2025-11-18 09:29:34.275356,1.8,200,7.45,98.34
2025-11-18 09:28:34.275359,2.33,200,0.62,96.19
2025-11-18 09:27:34.275361,2.42,500,9.25,98.38
2025-11-18 09:26:34.275364,1.72,200,4.09,97.85
2025-11-18 09:25:34.275366,1.64,200,3.49,90.27
2025-11-18 09:24:34.275369,2.61,500,3.7,91.28
2025-11-18 09:23:34.275371,0.61,500,9.94,97.29
2025-11-18 09:22:34.275374,1.13,200,6.38,99.03
2025-11-18 09:21:34.275376,0.56,200,6.22,96.31
2025-11-18 09:20:34.275379,0.11,200,7.18,98.4
2025-11-18 09:19:34.275381,2.55,200,1.96,93.84
2025-11-18 09:18:34.275384,0.2,200,3.42,90.96
2025-11-18 09:17:34.275386,0.76,200,4.06,99.9
2025-11-18 09:16:34.275389,1.41,200,3.55,99.24
2025-11-18 09:15:34.275391,0.55,500,4.0,95.23
2025-11-18 09:14:34.275394,2.44,200,2.48,90.05
2025-11-18 09:13:34.275398,2.48,200,0.56,94.41
2025-11-18 09:12:34.275402,1.34,200,6.66,93.76
2025-11-18 09:11:34.275407,0.3,200,9.8,90.88
2025-11-18 09:10:34.275411,2.43,200,2.24,93.27
2025-11-18 09:09:34.275415,0.55,200,3.63,91.33
2025-11-18 09:08:34.275419,2.72,500,4.57,95.8
2025-11-18 09:07:34.275426,2.22,200,3.09,97.93
2025-11-18 09:06:34.275431,0.9,200,6.99,97.03
2025-11-18 09:05:34.275434,0.13,200,4.21,95.68
2025-11-18 09:04:34.275437,1.38,200,8.72,99.36
2025-11-18 09:03:34.275440,0.32,500,9.03,98.29
2025-11-18 09:02:34.275444,0.77,200,5.22,93.89
2025-11-18 09:01:34.275447,1.57,200,8.27,94.31
2025-11-18 09:00:34.275449,2.34,500,2.51,90.66
2025-11-18 08:59:34.275452,1.85,500,3.48,98.69
2025-11-18 08:58:34.275454,0.48,200,9.14,99.83
2025-11-18 08:57:34.275457,2.88,200,4.09,93.39
2025-11-18 08:56:34.275459,1.49,200,6.53,95.65
2025-11-18 08:55:34.275462,0.48,200,7.46,90.03
2025-11-18 08:54:34.275464,0.5,200,9.62,97.16
2025-11-18 08:53:34.275467,1.69,500,4.79,98.69
2025-11-18 08:52:34.275471,0.31,200,6.68,94.04
2025-11-18 08:51:34.275474,1.88,200,2.51,92.22
2025-11-18 08:50:34.275476,1.62,500,2.1,96.19
2025-11-18 08:49:34.275479,2.44,500,5.62,98.73
2025-11-18 08:48:34.275481,0.12,200,6.51,90.66
2025-11-18 08:47:34.275484,0.12,500,4.16,99.46
2025-11-18 08:46:34.275486,2.05,500,4.24,95.53
2025-11-18 08:45:34.275489,2.77,200,9.53,92.0
2025-11-18 08:44:34.275492,2.6,500,5.56,92.19
2025-11-18 08:43:34.275494,1.27,200,2.13,95.22
2025-11-18 08:42:34.275497,0.25,200,5.61,94.7
2025-11-18 08:41:34.275499,0.13,200,5.46,91.17
2025-11-18 08:40:34.275502,0.1,200,3.39,95.43
2025-11-18 08:39:34.275505,1.6,200,9.45,97.4
2025-11-18 08:38:34.275507,1.23,200,0.49,90.92
2025-11-18 08:37:34.275510,2.34,200,8.73,97.48
2025-11-18 08:36:34.275512,1.33,200,6.31,99.47
2025-11-18 08:35:34.275515,0.22,200,4.99,98.58
2025-11-18 08:34:34.275517,2.51,200,6.44,96.49
2025-11-18 08:33:34.275520,1.32,500,8.18,98.53
2025-11-18 08:32:34.275522,0.87,200,6.22,98.65
2025-11-18 08:31:34.275525,0.96,200,2.47,99.31
2025-11-18 08:30:34.275527,1.03,200,4.99,95.23
2025-11-18 08:29:34.275530,2.87,200,0.37,95.49
2025-11-18 08:28:34.275532,1.25,200,8.08,99.63
2025-11-18 08:27:34.275535,0.27,500,8.45,91.7
2025-11-18 08:26:34.275537,2.54,200,5.98,95.1
2025-11-18 08:25:34.275540,2.26,200,3.53,92.63
2025-11-18 08:24:34.275544,1.74,200,7.23,99.55
2025-11-18 08:23:34.275547,1.03,200,0.74,91.14
2025-11-18 08:22:34.275549,2.07,200,4.02,92.68
2025-11-18 08:21:34.275552,1.19,200,3.7,98.39
2025-11-18 08:20:34.275554,0.18,200,8.6,90.09
2025-11-18 08:19:34.275557,0.41,500,7.16,93.2
2025-11-18 08:18:34.275559,2.9,200,5.94,97.97
2025-11-18 08:17:34.275562,1.23,200,6.78,96.5
2025-11-18 08:16:34.275564,0.21,200,3.48,98.28
2025-11-18 08:15:34.275566,0.85,200,9.95,90.84
2025-11-18 08:14:34.275569,1.12,500,4.59,93.86
2025-11-18 08:13:34.275571,0.12,500,3.36,92.17
2025-11-18 08:12:34.275574,2.76,200,1.04,93.1
2025-11-18 08:11:34.275576,1.36,200,9.28,90.91
2025-11-18 08:10:34.275579,2.29,200,0.79,96.79
2025-11-18 08:09:34.275583,0.72,200,4.87,99.88
2025-11-18 08:08:34.275586,1.16,500,1.13,92.09
2025-11-18 08:07:34.275588,2.16,500,5.21,91.97
2025-11-18 08:06:34.275591,1.92,200,5.35,94.74
2025-11-18 08:05:34.275593,2.44,200,5.81,94.82
2025-11-18 08:04:34.275596,2.87,200,5.55,94.91
2025-11-18 08:03:34.275598,2.58,500,9.0,93.36
2025-11-18 08:02:34.275601,0.84,500,2.83,99.84
2025-11-18 08:01:34.275603,1.34,200,7.39,97.77
2025-11-18 08:00:34.275606,1.18,200,2.3,90.85
2025-11-18 07:59:34.275608,0.75,200,3.38,94.5
2025-11-18 07:58:34.275613,0.21,200,6.99,96.24
2025-11-18 07:57:34.275616,2.86,500,7.15,91.69
2025-11-18 07:56:34.275618,2.58,200,4.46,99.92
2025-11-18 07:55:34.275621,2.34,200,2.38,98.02
2025-11-18 07:54:34.275624,2.67,500,8.97,97.29
2025-11-18 07:53:34.275626,3.0,500,2.7,97.26
2025-11-18 07:52:34.275629,1.91,200,7.09,92.57
2025-11-18 07:51:34.275631,2.92,500,7.3,92.17
2025-11-18 07:50:34.275634,2.2,200,4.61,94.31
2025-11-18 07:49:34.275636,1.45,200,4.78,93.26
2025-11-18 07:48:34.275639,0.67,200,2.97,95.1
2025-11-18 07:47:34.275641,2.1,200,8.3,99.4
2025-11-18 07:46:34.275644,0.42,200,3.5,97.3
2025-11-18 07:45:34.275646,0.43,500,8.42,96.68
2025-11-18 07:44:34.275649,2.03,200,7.38,92.03
2025-11-18 07:43:34.275651,0.78,200,5.73,96.56
2025-11-18 07:42:34.275656,0.68,500,8.51,96.26
2025-11-18 07:41:34.275658,2.52,200,1.3,99.12
2025-11-18 07:40:34.275661,0.97,200,1.78,90.84
2025-11-18 07:39:34.275663,0.71,500,9.45,92.83
2025-11-18 07:38:34.275666,2.85,500,5.99,94.61
2025-11-18 07:37:34.275668,2.31,200,6.77,91.6
2025-11-18 07:36:34.275671,2.15,200,9.53,99.44
2025-11-18 07:35:34.275673,2.8,200,0.56,96.0
2025-11-18 07:34:34.275676,2.36,500,6.66,99.53
2025-11-18 07:33:34.275679,1.37,200,3.31,95.75
2025-11-18 07:32:34.275681,2.58,200,4.37,92.09
2025-11-18 07:31:34.275684,1.25,500,5.85,98.24
2025-11-18 07:30:34.275686,1.55,500,7.53,97.49
2025-11-18 07:29:34.275689,1.12,200,2.84,98.72
2025-11-18 07:28:34.275692,0.38,200,7.01,92.22
2025-11-18 07:27:34.275694,1.07,200,8.65,98.34
2025-11-18 07:26:34.275699,1.41,200,1.51,98.98
2025-11-18 07:25:34.275704,2.11,200,5.71,98.84
2025-11-18 07:24:34.275709,0.6,200,4.09,98.49
2025-11-18 07:23:34.275714,2.17,200,5.92,90.98
2025-11-18 07:22:34.275719,1.67,200,2.82,94.92
2025-11-18 07:21:34.275723,2.47,500,5.07,93.39
2025-11-18 07:20:34.275725,0.26,200,9.18,93.46
2025-11-18 07:19:34.275728,0.9,200,7.64,97.69
2025-11-18 07:18:34.275731,1.1,200,4.17,93.01
2025-11-18 07:17:34.275734,0.59,200,2.79,98.16
2025-11-18 07:16:34.275737,0.83,200,0.3,97.54
2025-11-18 07:15:34.275739,1.88,500,0.45,93.23
2025-11-18 07:14:34.275742,1.0,200,5.64,96.35
2025-11-18 07:13:34.275744,0.33,200,3.42,96.37
2025-11-18 07:12:34.275747,1.07,200,4.97,96.91
2025-11-18 07:11:34.275749,1.66,200,6.04,94.4
2025-11-18 07:10:34.275752,1.5,200,0.85,97.27
2025-11-18 07:09:34.275754,2.8,200,8.02,97.81
2025-11-18 07:08:34.275757,2.7,200,9.1,96.59
2025-11-18 07:07:34.275759,2.65,500,1.98,97.84
2025-11-18 07:06:34.275763,2.42,500,6.78,90.06
2025-11-18 07:05:34.275765,0.69,200,6.97,91.81
2025-11-18 07:04:34.275768,0.97,200,1.15,93.93
2025-11-18 07:03:34.275770,2.21,200,4.08,97.41
2025-11-18 07:02:34.275773,0.45,500,8.32,97.25
2025-11-18 07:01:34.275775,1.16,500,5.56,98.5
2025-11-18 07:00:34.275780,0.13,200,3.97,91.65
2025-11-18 06:59:34.275782,2.73,500,8.14,92.83
2025-11-18 06:58:34.275785,0.32,500,3.56,95.89
2025-11-18 06:57:34.275787,2.77,200,2.3,99.28
2025-11-18 06:56:34.275790,1.23,200,1.17,95.32
2025-11-18 06:55:34.275794,1.65,500,4.24,91.75
2025-11-18 06:54:34.275797,1.23,200,6.3,93.58
2025-11-18 06:53:34.275799,1.67,200,2.09,90.87
2025-11-18 06:52:34.275801,2.73,500,1.17,98.46
2025-11-18 06:51:34.275804,1.77,500,6.25,98.01
2025-11-18 06:50:34.275806,2.55,200,8.92,95.7
2025-11-18 06:49:34.275809,2.15,500,3.23,96.41
2025-11-18 06:48:34.275811,2.47,200,6.85,95.66
2025-11-18 06:47:34.275814,2.49,500,8.41,97.2
2025-11-18 06:46:34.275816,1.93,500,4.48,92.93
2025-11-18 06:45:34.275819,2.61,500,6.79,93.99
2025-11-18 06:44:34.275823,0.98,200,2.51,92.06
2025-11-18 06:43:34.275826,1.19,200,5.12,95.92
2025-11-18 06:42:34.275828,1.61,200,7.38,97.05
2025-11-18 06:41:34.275830,0.56,500,4.08,91.29
2025-11-18 06:40:34.275833,2.01,200,7.02,98.85
2025-11-18 06:39:34.275835,2.83,500,6.59,90.49
2025-11-18 06:38:34.275838,1.49,500,8.39,90.97
2025-11-18 06:37:34.275840,0.8,200,5.5,95.92
2025-11-18 06:36:34.275843,2.37,200,7.86,99.58
2025-11-18 06:35:34.275846,2.08,200,8.18,91.15
2025-11-18 06:34:34.275848,2.75,200,6.7,96.12
2025-11-18 06:33:34.275850,0.34,500,6.14,96.89
2025-11-18 06:32:34.275853,2.66,200,5.35,93.75
2025-11-18 06:31:34.275856,2.52,500,2.48,93.71
2025-11-18 06:30:34.275858,1.93,500,1.74,98.62
2025-11-18 06:29:34.275861,0.19,200,3.02,97.65
2025-11-18 06:28:34.275863,0.78,200,6.82,92.54
2025-11-18 06:27:34.275866,1.62,200,5.89,92.86
2025-11-18 06:26:34.275868,2.56,200,0.17,91.95
2025-11-18 06:25:34.275871,0.4,200,1.14,90.77
2025-11-18 06:24:34.275873,2.29,500,9.52,92.68
2025-11-18 06:23:34.275876,1.43,500,6.67,94.54
2025-11-18 06:22:34.275878,0.34,200,5.46,91.01
2025-11-18 06:21:34.275881,2.16,200,0.57,97.75
2025-11-18 06:20:34.275883,2.74,200,8.55,92.72
2025-11-18 06:19:34.275886,1.91,200,1.28,92.81
2025-11-18 06:18:34.275899,2.03,500,0.42,93.37
2025-11-18 06:17:34.275903,1.83,200,9.28,96.63
2025-11-18 06:16:34.275906,2.21,500,3.57,94.2
2025-11-18 06:15:34.275908,1.52,500,0.2,90.13
2025-11-18 06:14:34.275911,2.18,200,2.91,97.84
2025-11-18 06:13:34.275913,1.1,200,1.76,90.69
2025-11-18 06:12:34.275916,0.47,200,6.11,95.02
2025-11-18 06:11:34.275918,2.1,200,8.56,98.45
2025-11-18 06:10:34.275921,1.34,500,3.48,99.41
2025-11-18 06:09:34.275923,2.88,200,7.85,97.96
2025-11-18 06:08:34.275926,1.36,500,3.31,93.05
2025-11-18 06:07:34.275929,2.65,200,3.04,92.75
2025-11-18 06:06:34.275931,2.23,200,3.65,92.46
2025-11-18 06:05:34.275934,0.36,200,4.22,99.24
2025-11-18 06:04:34.275937,2.79,200,4.83,91.7
2025-11-18 06:03:34.275940,1.81,200,8.79,99.54
2025-11-18 06:02:34.275944,2.42,500,7.1,92.4
2025-11-18 06:01:34.275947,2.33,200,8.59,94.62
2025-11-18 06:00:34.275949,1.58,200,6.42,98.86
2025-11-18 05:59:34.275952,0.76,500,0.64,97.72
2025-11-18 05:58:34.275954,0.3,200,1.99,93.16
2025-11-18 05:57:34.275957,2.1,200,7.2,94.78
2025-11-18 05:56:34.275960,1.07,200,5.4,99.81
2025-11-18 05:55:34.275962,2.52,200,1.97,96.85
2025-11-18 05:54:34.275965,1.62,500,7.01,93.17
2025-11-18 05:53:34.275967,1.85,500,8.39,91.45
2025-11-18 05:52:34.275970,2.3,200,5.99,98.49
2025-11-18 05:51:34.275976,1.76,200,9.66,92.19
2025-11-18 05:50:34.275978,2.15,500,8.5,90.19
2025-11-18 05:49:34.275980,2.94,500,5.79,95.72
2025-11-18 05:48:34.275983,0.72,200,1.15,92.97
2025-11-18 05:47:34.275986,1.31,500,4.4,98.23
2025-11-18 05:46:34.275988,0.66,200,7.67,96.95
2025-11-18 05:45:34.275991,0.38,200,8.18,96.06
2025-11-18 05:44:34.275993,2.42,200,7.65,92.0
2025-11-18 05:43:34.275996,2.09,200,2.11,98.78
2025-11-18 05:42:34.275998,2.13,200,3.55,94.0
2025-11-18 05:41:34.276000,1.8,200,2.29,90.25
2025-11-18 05:40:34.276003,1.18,200,1.93,98.92
2025-11-18 05:39:34.276006,1.43,500,8.72,93.16
2025-11-18 05:38:34.276009,2.84,500,6.76,96.23
2025-11-18 05:37:34.276011,0.64,500,2.43,95.11
2025-11-18 05:36:34.276014,1.55,200,0.23,98.02
2025-11-18 05:35:34.276016,0.12,500,6.23,96.16
2025-11-18 05:34:34.276021,1.1,500,4.19,96.26
2025-11-18 05:33:34.276024,2.13,200,5.31,91.45
2025-11-18 05:32:34.276026,0.47,500,1.6,93.33
2025-11-18 05:31:34.276029,0.96,200,6.67,92.41
2025-11-18 05:30:34.276031,1.59,500,3.97,98.63
2025-11-18 05:29:34.276033,0.74,500,2.89,91.1
2025-11-18 05:28:34.276036,1.97,200,6.48,95.44
2025-11-18 05:27:34.276039,1.18,200,6.84,91.24
2025-11-18 05:26:34.276041,0.84,200,9.26,97.63
2025-11-18 05:25:34.276043,0.77,200,3.74,98.16
2025-11-18 05:24:34.276046,1.91,200,4.63,93.86
2025-11-18 05:23:34.276048,1.86,200,2.67,92.7
2025-11-18 05:22:34.276051,1.49,200,2.66,90.56
2025-11-18 05:21:34.276053,0.57,200,9.76,93.29
2025-11-18 05:20:34.276056,2.06,200,4.98,90.92
2025-11-18 05:19:34.276060,1.47,200,7.92,96.02
2025-11-18 05:18:34.276063,1.71,200,1.55,99.6
2025-11-18 05:17:34.276065,0.37,500,9.34,99.37
2025-11-18 05:16:34.276068,0.24,500,4.49,94.28
2025-11-18 05:15:34.276070,1.18,200,4.61,94.74
2025-11-18 05:14:34.276072,0.58,200,0.71,93.85
2025-11-18 05:13:34.276075,0.44,200,1.73,92.42
